GENDER,DRWITHGL,NRWITHGL,RAXISLEG,RANTECHA,RWTW,RNCONPRE,HEIGHT,WEIGHT,TOUW,SBLOPRE,DBLOPRE,PULSE,CHAOD1,ETEST,CHGLASS1,TRT,AMB11,AMB21,AMB31,AMB41,DRUGIF,PREGQ,SGAR,LSMK,COSTM,BULBP,TUTOR1,TUTOR2,NTON,MSMK,HSMK,MH,FH,FW,BED,IFTAI,BULB,TUTOR,CELLP,NOONS,EYE,EYE1,SITE,STR,PLACE5,SHIFT,IFDOU,ALLERGY,DRNBASE,DRWBASE,NRNBASE,NRWBASE,DOMEYE,RPR,JTR,YTR,RCORCU,JNGLASS,DAI1,DAI2,MB,ACI,BCI,CCI,DCI,total,st1,st2,INCM,PREG
1,2,2,24.97,3.8,12.1,18,156,43.7,56.5,103,71,87,0.9,3,1,1,1,1,1,1,2,1,1,2,2,2,2,2,1,1,1,164,177,65,1,2,2,2,2,2,2,1,1,1,2,3,2,1,0.5,0.2,0.2,0.1,2,-3.375,-2.135,-0.94,43.725,1,1,1,25.83561644,35.75,10.25,66.75,21.33333333,3,8,10,2,266
1,2,2,24.45,3.56,12,17,161,44.6,52,105,74,118,1.2,1,3,2,1,1,1,1,2,1,1,1,1,2,1,1,1,1,1,163,167,72,1,1,2,1,1,1,2,1,2,3,1,2,2,1,0.8,0.2,0.4,0,1,-3.625,-2.595,-1.565,43.955,1,1,0,24.69315068,40,13.16666667,27.83333333,21.16666667,1,9.5,11,1.5,294
1,2,2,23.71,3.7,12.7,16,146,33.1,53,90,59,94,1,3,4,1,1,1,1,1,2,1,1,2,2,2,2,1,1,1,2,166,174,80,1,2,2,2,2,1,2,3,3,3,1,2,1,1,0.06,0,0.16,0.14,3,-0.375,-2.75,0.085,43.15,2,1,0,24.72328767,21,10.16666667,31,21,4,8.666666667,9.166666667,2,299
1,2,2,24.16,3.67,12,12,153,51.5,54.5,127,62,88,1,1,4,2,2,1,1,1,2,1,1,1,2,1,1,1,1,1,1,160,175,80,1,2,2,2,1,1,2,1,2,3,1,2,1,1,0.6,0.18,0.16,0.2,2,-3.875,-2.45,-1.385,45.99,3,0,1,25.22191781,9.75,15.25,14.5,23.83333333,4,9,11,1.5,281
1,2,2,24.96,3.55,11.7,15,150,57.5,55.5,120,85,97,1,1,1,1,1,1,1,1,2,1,1,1,1,2,1,1,1,1,1,163,175,75,2,1,2,2,2,1,2,3,2,3,1,2,1,3,0.7,0,0.6,0.3,1,-3.5,-2.58,-0.52,42.71,0,1,1,25.37808219,40.91666667,13.16666667,46.66666667,23,4,8.5,9.5,3,282
1,2,2,24.91,4.08,12.7,15,153,44.6,56,98,57,80,1,2,2,2,1,1,1,1,2,1,1,2,1,2,1,2,2,1,2,158,173,65,2,2,2,2,2,3,3,1,2,2,1,2,2,1,0.7,0.3,0.2,0,2,-2.625,-2.495,-0.805,41.905,0,0,0,22.43726327,43.66666667,21.41666667,69.16666667,20,5,6.75,8,3.5,262
1,2,2,23.2,3.52,11.3,23,153,42.8,54.8,111,76,85,1,1,4,1,1,1,1,1,2,1,1,1,1,2,1,1,3,1,1,159,167,70,3,2,2,1,1,3,2,3,2,2,1,3,1,1,0.6,0.08,0.5,0.2,2,-5.5,-2.54,-0.5,46.56,1,0,0,26.51151284,12.5,15.83333333,33.83333333,18.08333333,0,7.416666667,9,2,287
2,2,2,19.88,2.96,12.4,16,155,59.9,54.5,84,41,82,0.7,3,1,1,3,3,3,3,3,1,3,3,3,3,3,3,1,1,1,160,170,60,2,2,1,2,2,2,2,2,3,2,1,1,1,1,0.56,0.2,0.5,0.5,2,2.875,-0.295,0.88,42.65,4,0,0,36.95342466,158.6666667,13.66666667,14.7,12,5,9,13,2,235
